STATE,ST_CASE,VE_TOTAL,VE_FORMS,PVH_INVL,PEDS,PERNOTMVIT,PERMVIT,PERSONS,COUNTY,CITY,DAY,MONTH,YEAR,DAY_WEEK,HOUR,MINUTE,NHS,ROAD_FNC,ROUTE,TWAY_ID,TWAY_ID2,MILEPT,LATITUDE,LONGITUD,SP_JUR,HARM_EV,MAN_COLL,RELJCT1,RELJCT2,TYP_INT,WRK_ZONE,REL_ROAD,LGT_COND,WEATHER1,WEATHER2,WEATHER,SCH_BUS,RAIL,NOT_HOUR,NOT_MIN,ARR_HOUR,ARR_MIN,HOSP_HR,HOSP_MN,CF1,CF2,CF3,FATALS,DRUNK_DR
6,61267,2,2,0,0,0,2,2,73,3375,27,7,2014,1,1,20,0,14,6,S SANTA FE AVE,LAS FLORES DR,0,33.15685,-117.2000306,0,12,6,0,2,2,0,1,3,10,0,10,0,0,99,99,99,99,88,88,0,0,0,1,2
6,62305,1,1,0,0,0,1,1,111,2620,1,5,2014,5,18,44,0,13,6,N VENTURA RD,NA,0,34.22775556,-119.1945944,0,26,0,0,1,1,0,4,1,1,0,1,0,0,99,99,99,99,99,99,0,0,0,1,0
6,60373,1,1,0,0,0,2,2,17,0,18,3,2014,3,12,18,0,5,4,CR-WENTWORTH SPRINGS ROAD,NA,0,38.92214722,-120.8029361,0,42,0,0,1,1,0,2,1,1,0,1,0,0,99,99,99,99,99,99,0,0,0,1,0
6,62382,2,2,0,0,0,2,2,37,1970,24,5,2014,7,13,46,0,15,6,SOUTH STREET,NA,0,33.86019167,-118.1528139,0,12,6,0,8,1,0,1,1,1,0,1,0,0,99,99,99,99,99,99,0,0,0,1,0